vs:
  name: Volker Schaefer
  email: volker.schaefer@th-koeln.de
cn:
  name: Christian Noss
  email: christian.noss@th-koeln.de
ch:
  name: Christian Hahn
  email: christian.hahn1@th-koeln.de
fg:
  name: Finn Nils Gedrath
  email: finn_nils.gedrath@smail.th-koeln.de
alle:
  name: alle Dozenten
  email:
js:
  name: Julian Schoemaker
  email: julian.schoemaker@smail.th-koeln.de
sk:
  name: Stefan Karsch
  email: stefan.karsch@th-koeln.de
mb:
  name: Matthias Böhmer
  email: matthias.boehmer@th-koeln.de
kf:
  name: Kristian Fischer
  email: kristian.fischer@th-koeln.de
sl:
  name: Sascha Lemke
  email: sascha.lemke@th-koeln.de
db:
  name: Dirk Breuer
  email: mail@breuer.io
ms:
  name: Marc Schmidt
  email: marc.schmidt1@th-koeln.de
jl:
  name: Julian Lengelsen
  email: julian.lengelsen@th-koeln.de
jp:
  name: Jorge Pereira
  email: jorge.pereira@th-koeln.de
jd:
  name: Janine Doliwa
  email: janina.doliwa.pereira@smail.th-koeln.de
mf:
  name: Mario Faske
  email: mario.faske@th-koeln.de
hvn:
  name: Hoai Viet Nguyen
  email: viet.nguyen@th-koeln.de
ch:
  name: Calvin Hinzer
  email:   
